"Elon Musk says Twitter is 'holding off' restarting paid verification over impersonation concerns ,167.82 ,13:10:19 11/22/2022"

"Elon Musk says Twitter is 'holding off' restarting paid verification over impersonation concerns ,167.82 ,13:10:19 11/22/2022"

"Elon Musk says Twitter is 'holding off' restarting paid verification over impersonation concerns ,167.82 ,13:10:19 11/22/2022"

"Tesla drivers will be able to make Zoom calls from the car ,167.82 ,13:10:19 11/22/2022"

"Why this former SpaceX employee wrote an open letter condemning Musk's behavior ,167.82 ,13:10:19 11/22/2022"

"Why this former SpaceX employee wrote an open letter condemning Musk's behavior ,167.82 ,13:10:19 11/22/2022"

"Why this former SpaceX employee wrote an open letter condemning Musk's behavior ,167.82 ,13:10:19 11/22/2022"

"This solar startup can harness massive amounts of power from the sun ,167.82 ,13:10:19 11/22/2022"

"Twitter users are flocking to Mastodon. What is it? ,167.82 ,13:10:19 11/22/2022"

"Meta’s AI Gamer Beat Humans In Diplomacy Using Strategy And Negotiation ,167.82 ,13:10:19 11/22/2022"

"Musk Delays Relaunch Of Twitter Blue Until There Is ‘High Confidence’ Of Stopping Impersonators ,167.82 ,13:10:19 11/22/2022"

"Musk Delays Relaunch Of Twitter Blue Until There Is ‘High Confidence’ Of Stopping Impersonators ,167.82 ,13:10:19 11/22/2022"

"Twitter Reinstates Rep. Marjorie Taylor Greene’s Personal Account After Bringing Back Trump ,167.82 ,13:10:19 11/22/2022"

"Elon Musk has upended Twitter's business. Here's how he could fix it ,169.65 ,14:36:24 11/22/2022"

"Elon Musk has upended Twitter's business. Here's how he could fix it ,169.65 ,14:36:24 11/22/2022"

"Elon Musk has upended Twitter's business. Here's how he could fix it ,169.65 ,14:36:24 11/22/2022"

"Tesla drivers will be able to make Zoom calls from the car ,169.65 ,14:36:24 11/22/2022"

"Why this former SpaceX employee wrote an open letter condemning Musk's behavior ,169.65 ,14:36:24 11/22/2022"

"Why this former SpaceX employee wrote an open letter condemning Musk's behavior ,169.65 ,14:36:24 11/22/2022"

"Why this former SpaceX employee wrote an open letter condemning Musk's behavior ,169.65 ,14:36:24 11/22/2022"

"This solar startup can harness massive amounts of power from the sun ,169.65 ,14:36:24 11/22/2022"

"Twitter users are flocking to Mastodon. What is it? ,169.65 ,14:36:24 11/22/2022"

"Meta’s AI Gamer Beat Humans In Diplomacy Using Strategy And Negotiation ,169.65 ,14:36:24 11/22/2022"

"Musk Delays Relaunch Of Twitter Blue Until There Is ‘High Confidence’ Of Stopping Impersonators ,169.65 ,14:36:24 11/22/2022"

"Musk Delays Relaunch Of Twitter Blue Until There Is ‘High Confidence’ Of Stopping Impersonators ,169.65 ,14:36:24 11/22/2022"

"Twitter Reinstates Rep. Marjorie Taylor Greene’s Personal Account After Bringing Back Trump ,169.65 ,14:36:24 11/22/2022"

"Elon Musk has upended Twitter's business. Here's how he could fix it ,169.66 ,14:41:09 11/22/2022"

"Elon Musk has upended Twitter's business. Here's how he could fix it ,169.66 ,14:41:09 11/22/2022"

"Elon Musk has upended Twitter's business. Here's how he could fix it ,169.66 ,14:41:09 11/22/2022"

"Tesla drivers will be able to make Zoom calls from the car ,169.66 ,14:41:09 11/22/2022"

"Why this former SpaceX employee wrote an open letter condemning Musk's behavior ,169.66 ,14:41:09 11/22/2022"

"Why this former SpaceX employee wrote an open letter condemning Musk's behavior ,169.66 ,14:41:09 11/22/2022"

"Why this former SpaceX employee wrote an open letter condemning Musk's behavior ,169.66 ,14:41:09 11/22/2022"

"This solar startup can harness massive amounts of power from the sun ,169.66 ,14:41:09 11/22/2022"

"Twitter users are flocking to Mastodon. What is it? ,169.66 ,14:41:09 11/22/2022"

"Meta’s AI Gamer Beat Humans In Diplomacy Using Strategy And Negotiation ,169.66 ,14:41:09 11/22/2022"

"Musk Delays Relaunch Of Twitter Blue Until There Is ‘High Confidence’ Of Stopping Impersonators ,169.66 ,14:41:09 11/22/2022"

"Musk Delays Relaunch Of Twitter Blue Until There Is ‘High Confidence’ Of Stopping Impersonators ,169.66 ,14:41:09 11/22/2022"

"Twitter Reinstates Rep. Marjorie Taylor Greene’s Personal Account After Bringing Back Trump ,169.66 ,14:41:09 11/22/2022"

"Elon Musk has upended Twitter's business. Here's how he could fix it ,169.66 ,14:45:57 11/22/2022"

"Elon Musk has upended Twitter's business. Here's how he could fix it ,169.66 ,14:45:57 11/22/2022"

"Elon Musk has upended Twitter's business. Here's how he could fix it ,169.66 ,14:45:57 11/22/2022"

"Tesla drivers will be able to make Zoom calls from the car ,169.66 ,14:45:57 11/22/2022"

"Why this former SpaceX employee wrote an open letter condemning Musk's behavior ,169.66 ,14:45:57 11/22/2022"

"Why this former SpaceX employee wrote an open letter condemning Musk's behavior ,169.66 ,14:45:57 11/22/2022"

"Why this former SpaceX employee wrote an open letter condemning Musk's behavior ,169.66 ,14:45:57 11/22/2022"

"This solar startup can harness massive amounts of power from the sun ,169.66 ,14:45:57 11/22/2022"

"Twitter users are flocking to Mastodon. What is it? ,169.66 ,14:45:57 11/22/2022"

"Meta’s AI Gamer Beat Humans In Diplomacy Using Strategy And Negotiation ,169.66 ,14:45:57 11/22/2022"

"Musk Delays Relaunch Of Twitter Blue Until There Is ‘High Confidence’ Of Stopping Impersonators ,169.66 ,14:45:57 11/22/2022"

"Musk Delays Relaunch Of Twitter Blue Until There Is ‘High Confidence’ Of Stopping Impersonators ,169.66 ,14:45:57 11/22/2022"

"Twitter Reinstates Rep. Marjorie Taylor Greene’s Personal Account After Bringing Back Trump ,169.66 ,14:45:57 11/22/2022"

"Twitter is no longer enforcing its Covid misinformation policy  ,182.46 ,10:20:22 11/29/2022"

"Twitter Stops Enforcing Covid-19 Misinformation Policy ,182.46 ,10:20:22 11/29/2022"

"Elon Musk Says Apple ‘Threatened’ To Boot Twitter From App Store—Here’s Why That Might Happen ,182.46 ,10:20:22 11/29/2022"

"Elon Musk Says Apple ‘Threatened’ To Boot Twitter From App Store—Here’s Why That Might Happen ,182.46 ,10:20:22 11/29/2022"

"Elon Musk Says Apple ‘Threatened’ To Boot Twitter From App Store—Here’s Why That Might Happen ,182.46 ,10:20:22 11/29/2022"

"Musk Says Apple Cutting Twitter Ads—Here Are The Other Companies Rethinking Their Ties ,182.46 ,10:20:22 11/29/2022"

"Musk Says Apple Cutting Twitter Ads—Here Are The Other Companies Rethinking Their Ties ,182.46 ,10:20:22 11/29/2022"

"Congressional Stalemate: Department Of Defense Urges Leaders To Approve Spending Bill –Here’s What’s At Stake ,182.46 ,10:20:22 11/29/2022"

"Congressional Stalemate: Department Of Defense Urges Leaders To Approve Spending Bill –Here’s What’s At Stake ,182.46 ,10:20:22 11/29/2022"

"Congressional Stalemate: Department Of Defense Urges Leaders To Approve Spending Bill –Here’s What’s At Stake ,182.46 ,10:20:22 11/29/2022"

"Elon Musk’s Apple Attack Sets Stage for Public Spat  ,182.46 ,10:20:22 11/29/2022"

"Elon Musk’s Apple Attack Sets Stage for Public Spat  ,182.46 ,10:20:22 11/29/2022"

"Twitter is no longer enforcing its Covid misinformation policy  ,183.08 ,10:25:06 11/29/2022"

"Twitter Stops Enforcing Covid-19 Misinformation Policy ,183.08 ,10:25:06 11/29/2022"

"Elon Musk Says Apple ‘Threatened’ To Boot Twitter From App Store—Here’s Why That Might Happen ,183.08 ,10:25:06 11/29/2022"

"Elon Musk Says Apple ‘Threatened’ To Boot Twitter From App Store—Here’s Why That Might Happen ,183.08 ,10:25:06 11/29/2022"

"Elon Musk Says Apple ‘Threatened’ To Boot Twitter From App Store—Here’s Why That Might Happen ,183.08 ,10:25:06 11/29/2022"

"Musk Says Apple Cutting Twitter Ads—Here Are The Other Companies Rethinking Their Ties ,183.08 ,10:25:06 11/29/2022"

"Musk Says Apple Cutting Twitter Ads—Here Are The Other Companies Rethinking Their Ties ,183.08 ,10:25:06 11/29/2022"

"Congressional Stalemate: Department Of Defense Urges Leaders To Approve Spending Bill –Here’s What’s At Stake ,183.08 ,10:25:06 11/29/2022"

"Congressional Stalemate: Department Of Defense Urges Leaders To Approve Spending Bill –Here’s What’s At Stake ,183.08 ,10:25:06 11/29/2022"

"Congressional Stalemate: Department Of Defense Urges Leaders To Approve Spending Bill –Here’s What’s At Stake ,183.08 ,10:25:06 11/29/2022"

"Elon Musk’s Apple Attack Sets Stage for Public Spat  ,183.08 ,10:25:06 11/29/2022"

"Elon Musk’s Apple Attack Sets Stage for Public Spat  ,183.08 ,10:25:06 11/29/2022"

"Twitter is no longer enforcing its Covid misinformation policy  ,182.69 ,10:29:55 11/29/2022"

"Twitter Stops Enforcing Covid-19 Misinformation Policy ,182.69 ,10:29:55 11/29/2022"

"Elon Musk Says Apple ‘Threatened’ To Boot Twitter From App Store—Here’s Why That Might Happen ,182.69 ,10:29:55 11/29/2022"

"Elon Musk Says Apple ‘Threatened’ To Boot Twitter From App Store—Here’s Why That Might Happen ,182.69 ,10:29:55 11/29/2022"

"Elon Musk Says Apple ‘Threatened’ To Boot Twitter From App Store—Here’s Why That Might Happen ,182.69 ,10:29:55 11/29/2022"

"Musk Says Apple Cutting Twitter Ads—Here Are The Other Companies Rethinking Their Ties ,182.69 ,10:29:55 11/29/2022"

"Musk Says Apple Cutting Twitter Ads—Here Are The Other Companies Rethinking Their Ties ,182.69 ,10:29:55 11/29/2022"

"Congressional Stalemate: Department Of Defense Urges Leaders To Approve Spending Bill –Here’s What’s At Stake ,182.69 ,10:29:55 11/29/2022"

"Congressional Stalemate: Department Of Defense Urges Leaders To Approve Spending Bill –Here’s What’s At Stake ,182.69 ,10:29:55 11/29/2022"

"Congressional Stalemate: Department Of Defense Urges Leaders To Approve Spending Bill –Here’s What’s At Stake ,182.69 ,10:29:55 11/29/2022"

"Elon Musk’s Apple Attack Sets Stage for Public Spat  ,182.69 ,10:29:55 11/29/2022"

"Elon Musk’s Apple Attack Sets Stage for Public Spat  ,182.69 ,10:29:55 11/29/2022"

"Twitter is no longer enforcing its Covid misinformation policy  ,183.34 ,10:34:44 11/29/2022"

"Twitter Stops Enforcing Covid-19 Misinformation Policy ,183.34 ,10:34:44 11/29/2022"

"Elon Musk Says Apple ‘Threatened’ To Boot Twitter From App Store—Here’s Why That Might Happen ,183.34 ,10:34:44 11/29/2022"

"Elon Musk Says Apple ‘Threatened’ To Boot Twitter From App Store—Here’s Why That Might Happen ,183.34 ,10:34:44 11/29/2022"

"Elon Musk Says Apple ‘Threatened’ To Boot Twitter From App Store—Here’s Why That Might Happen ,183.34 ,10:34:44 11/29/2022"

"Musk Says Apple Cutting Twitter Ads—Here Are The Other Companies Rethinking Their Ties ,183.34 ,10:34:44 11/29/2022"

"Musk Says Apple Cutting Twitter Ads—Here Are The Other Companies Rethinking Their Ties ,183.34 ,10:34:44 11/29/2022"

"Kellyanne Conway Testifies To House Jan. 6 Committee As Panel Wraps Up Its Work ,183.34 ,10:34:44 11/29/2022"

"Kellyanne Conway Testifies To House Jan. 6 Committee As Panel Wraps Up Its Work ,183.34 ,10:34:44 11/29/2022"

"Elon Musk’s Apple Attack Sets Stage for Public Spat  ,183.34 ,10:34:44 11/29/2022"

"Elon Musk’s Apple Attack Sets Stage for Public Spat  ,183.34 ,10:34:44 11/29/2022"

"Twitter Stops Enforcing Covid-19 Misinformation Policy ,183.38 ,10:39:33 11/29/2022"

"Elon Musk Says Apple ‘Threatened’ To Boot Twitter From App Store—Here’s Why That Might Happen ,183.38 ,10:39:33 11/29/2022"

"Elon Musk Says Apple ‘Threatened’ To Boot Twitter From App Store—Here’s Why That Might Happen ,183.38 ,10:39:33 11/29/2022"

"Elon Musk Says Apple ‘Threatened’ To Boot Twitter From App Store—Here’s Why That Might Happen ,183.38 ,10:39:33 11/29/2022"

"Musk Says Apple Cutting Twitter Ads—Here Are The Other Companies Rethinking Their Ties ,183.38 ,10:39:33 11/29/2022"

"Musk Says Apple Cutting Twitter Ads—Here Are The Other Companies Rethinking Their Ties ,183.38 ,10:39:33 11/29/2022"

"Congressional Stalemate: Department Of Defense Urges Leaders To Approve Spending Bill –Here’s What’s At Stake ,183.38 ,10:39:33 11/29/2022"

"Congressional Stalemate: Department Of Defense Urges Leaders To Approve Spending Bill –Here’s What’s At Stake ,183.38 ,10:39:33 11/29/2022"

"Elon Musk’s Apple Attack Sets Stage for Public Spat  ,183.38 ,10:39:33 11/29/2022"

"Elon Musk’s Apple Attack Sets Stage for Public Spat  ,183.38 ,10:39:33 11/29/2022"

"Twitter Stops Enforcing Covid-19 Misinformation Policy ,182.41 ,10:44:20 11/29/2022"

"Elon Musk Says Apple ‘Threatened’ To Boot Twitter From App Store—Here’s Why That Might Happen ,182.41 ,10:44:20 11/29/2022"

"Elon Musk Says Apple ‘Threatened’ To Boot Twitter From App Store—Here’s Why That Might Happen ,182.41 ,10:44:20 11/29/2022"

"Elon Musk Says Apple ‘Threatened’ To Boot Twitter From App Store—Here’s Why That Might Happen ,182.41 ,10:44:20 11/29/2022"

"Musk Says Apple Cutting Twitter Ads—Here Are The Other Companies Rethinking Their Ties ,182.41 ,10:44:20 11/29/2022"

"Musk Says Apple Cutting Twitter Ads—Here Are The Other Companies Rethinking Their Ties ,182.41 ,10:44:20 11/29/2022"

"Musk Says Apple Cutting Twitter Ads—Here Are The Other Companies Rethinking Their Ties ,182.41 ,10:44:20 11/29/2022"

"Musk Says Apple Cutting Twitter Ads—Here Are The Other Companies Rethinking Their Ties ,182.41 ,10:44:20 11/29/2022"

"Elon Musk’s Apple Attack Sets Stage for Public Spat  ,182.41 ,10:44:20 11/29/2022"

"Elon Musk’s Apple Attack Sets Stage for Public Spat  ,182.41 ,10:44:20 11/29/2022"

"Twitter Stops Enforcing Covid-19 Misinformation Policy ,181.90 ,10:49:04 11/29/2022"

"Elon Musk Says Apple ‘Threatened’ To Boot Twitter From App Store—Here’s Why That Might Happen ,181.90 ,10:49:04 11/29/2022"

"Elon Musk Says Apple ‘Threatened’ To Boot Twitter From App Store—Here’s Why That Might Happen ,181.90 ,10:49:04 11/29/2022"

"Elon Musk Says Apple ‘Threatened’ To Boot Twitter From App Store—Here’s Why That Might Happen ,181.90 ,10:49:04 11/29/2022"

"Musk Says Apple Cutting Twitter Ads—Here Are The Other Companies Rethinking Their Ties ,181.90 ,10:49:04 11/29/2022"

"Musk Says Apple Cutting Twitter Ads—Here Are The Other Companies Rethinking Their Ties ,181.90 ,10:49:04 11/29/2022"

"Congressional Stalemate: Department Of Defense Urges Leaders To Approve Spending Bill –Here’s What’s At Stake ,181.90 ,10:49:04 11/29/2022"

"Congressional Stalemate: Department Of Defense Urges Leaders To Approve Spending Bill –Here’s What’s At Stake ,181.90 ,10:49:04 11/29/2022"

"Elon Musk’s Apple Attack Sets Stage for Public Spat  ,181.90 ,10:49:04 11/29/2022"

"Elon Musk’s Apple Attack Sets Stage for Public Spat  ,181.90 ,10:49:04 11/29/2022"

"Twitter Stops Enforcing Covid-19 Misinformation Policy ,181.80 ,10:53:52 11/29/2022"

"Elon Musk Says Apple ‘Threatened’ To Boot Twitter From App Store—Here’s Why That Might Happen ,181.80 ,10:53:52 11/29/2022"

"Elon Musk Says Apple ‘Threatened’ To Boot Twitter From App Store—Here’s Why That Might Happen ,181.80 ,10:53:52 11/29/2022"

"Elon Musk Says Apple ‘Threatened’ To Boot Twitter From App Store—Here’s Why That Might Happen ,181.80 ,10:53:52 11/29/2022"

"Disney CEO Iger Shuts Down Apple Merger Rumors Sticks By Hiring Freeze ,181.80 ,10:53:52 11/29/2022"

"Disney CEO Iger Shuts Down Apple Merger Rumors Sticks By Hiring Freeze ,181.80 ,10:53:52 11/29/2022"

"Elon Musk’s Apple Attack Sets Stage for Public Spat  ,181.80 ,10:53:52 11/29/2022"

"Elon Musk’s Apple Attack Sets Stage for Public Spat  ,181.80 ,10:53:52 11/29/2022"

"Twitter Stops Enforcing Covid-19 Misinformation Policy ,182.57 ,10:58:40 11/29/2022"

"Elon Musk Says Apple ‘Threatened’ To Boot Twitter From App Store—Here’s Why That Might Happen ,182.57 ,10:58:40 11/29/2022"

"Elon Musk Says Apple ‘Threatened’ To Boot Twitter From App Store—Here’s Why That Might Happen ,182.57 ,10:58:40 11/29/2022"

"Elon Musk Says Apple ‘Threatened’ To Boot Twitter From App Store—Here’s Why That Might Happen ,182.57 ,10:58:40 11/29/2022"

"Musk Says Apple Cutting Twitter Ads—Here Are The Other Companies Rethinking Their Ties ,182.57 ,10:58:40 11/29/2022"

"Musk Says Apple Cutting Twitter Ads—Here Are The Other Companies Rethinking Their Ties ,182.57 ,10:58:40 11/29/2022"

"Elon Musk’s Apple Attack Sets Stage for Public Spat  ,182.57 ,10:58:40 11/29/2022"

"Elon Musk’s Apple Attack Sets Stage for Public Spat  ,182.57 ,10:58:40 11/29/2022"

"Twitter Stops Enforcing Covid-19 Misinformation Policy ,182.64 ,11:03:27 11/29/2022"

"Elon Musk Says Apple ‘Threatened’ To Boot Twitter From App Store—Here’s Why That Might Happen ,182.64 ,11:03:27 11/29/2022"

"Elon Musk Says Apple ‘Threatened’ To Boot Twitter From App Store—Here’s Why That Might Happen ,182.64 ,11:03:27 11/29/2022"

"Elon Musk Says Apple ‘Threatened’ To Boot Twitter From App Store—Here’s Why That Might Happen ,182.64 ,11:03:27 11/29/2022"

"Musk Says Apple Cutting Twitter Ads—Here Are The Other Companies Rethinking Their Ties ,182.64 ,11:03:27 11/29/2022"

"Musk Says Apple Cutting Twitter Ads—Here Are The Other Companies Rethinking Their Ties ,182.64 ,11:03:27 11/29/2022"

"Elon Musk’s Apple Attack Sets Stage for Public Spat  ,182.64 ,11:03:27 11/29/2022"

"Elon Musk’s Apple Attack Sets Stage for Public Spat  ,182.64 ,11:03:27 11/29/2022"

"Twitter Stops Enforcing Covid-19 Misinformation Policy ,183.00 ,11:08:14 11/29/2022"

"Elon Musk Says Apple ‘Threatened’ To Boot Twitter From App Store—Here’s Why That Might Happen ,183.00 ,11:08:14 11/29/2022"

"Elon Musk Says Apple ‘Threatened’ To Boot Twitter From App Store—Here’s Why That Might Happen ,183.00 ,11:08:14 11/29/2022"

"Elon Musk Says Apple ‘Threatened’ To Boot Twitter From App Store—Here’s Why That Might Happen ,183.00 ,11:08:14 11/29/2022"

"Elon Musk’s Apple Attack Sets Stage for Public Spat  ,183.00 ,11:08:14 11/29/2022"

"Elon Musk’s Apple Attack Sets Stage for Public Spat  ,183.00 ,11:08:14 11/29/2022"

"Twitter Stops Enforcing Covid-19 Misinformation Policy ,182.92 ,11:13:03 11/29/2022"

"Elon Musk Says Apple ‘Threatened’ To Boot Twitter From App Store—Here’s Why That Might Happen ,182.92 ,11:13:03 11/29/2022"

"Elon Musk Says Apple ‘Threatened’ To Boot Twitter From App Store—Here’s Why That Might Happen ,182.92 ,11:13:03 11/29/2022"

"Elon Musk Says Apple ‘Threatened’ To Boot Twitter From App Store—Here’s Why That Might Happen ,182.92 ,11:13:03 11/29/2022"

"Elon Musk’s Apple Attack Sets Stage for Public Spat  ,182.92 ,11:13:03 11/29/2022"

"Elon Musk’s Apple Attack Sets Stage for Public Spat  ,182.92 ,11:13:03 11/29/2022"

"Twitter Stops Enforcing Covid-19 Misinformation Policy ,183.15 ,11:17:49 11/29/2022"

"Elon Musk Says Apple ‘Threatened’ To Boot Twitter From App Store—Here’s Why That Might Happen ,183.15 ,11:17:49 11/29/2022"

"Elon Musk Says Apple ‘Threatened’ To Boot Twitter From App Store—Here’s Why That Might Happen ,183.15 ,11:17:49 11/29/2022"

"Elon Musk Says Apple ‘Threatened’ To Boot Twitter From App Store—Here’s Why That Might Happen ,183.15 ,11:17:49 11/29/2022"

"Elon Musk’s Apple Attack Sets Stage for Public Spat  ,183.15 ,11:17:49 11/29/2022"

"Elon Musk’s Apple Attack Sets Stage for Public Spat  ,183.15 ,11:17:49 11/29/2022"

"Twitter Stops Enforcing Covid-19 Misinformation Policy ,182.78 ,11:22:40 11/29/2022"

"Elon Musk Says Apple ‘Threatened’ To Boot Twitter From App Store—Here’s Why That Might Happen ,182.78 ,11:22:40 11/29/2022"

"Elon Musk Says Apple ‘Threatened’ To Boot Twitter From App Store—Here’s Why That Might Happen ,182.78 ,11:22:40 11/29/2022"

"Elon Musk Says Apple ‘Threatened’ To Boot Twitter From App Store—Here’s Why That Might Happen ,182.78 ,11:22:40 11/29/2022"

"Elon Musk’s Apple Attack Sets Stage for Public Spat  ,182.78 ,11:22:40 11/29/2022"

"Elon Musk’s Apple Attack Sets Stage for Public Spat  ,182.78 ,11:22:40 11/29/2022"

"Twitter Stops Enforcing Covid-19 Misinformation Policy ,182.91 ,11:27:28 11/29/2022"

"Elon Musk Says Apple ‘Threatened’ To Boot Twitter From App Store—Here’s Why That Might Happen ,182.91 ,11:27:28 11/29/2022"

"Elon Musk Says Apple ‘Threatened’ To Boot Twitter From App Store—Here’s Why That Might Happen ,182.91 ,11:27:28 11/29/2022"

"Elon Musk Says Apple ‘Threatened’ To Boot Twitter From App Store—Here’s Why That Might Happen ,182.91 ,11:27:28 11/29/2022"

"Elon Musk’s Apple Attack Sets Stage for Public Spat  ,182.91 ,11:27:28 11/29/2022"

"Elon Musk’s Apple Attack Sets Stage for Public Spat  ,182.91 ,11:27:28 11/29/2022"

"Twitter Stops Enforcing Covid-19 Misinformation Policy ,182.92 ,11:32:17 11/29/2022"

"Elon Musk Says Apple ‘Threatened’ To Boot Twitter From App Store—Here’s Why That Might Happen ,182.92 ,11:32:17 11/29/2022"

"Elon Musk Says Apple ‘Threatened’ To Boot Twitter From App Store—Here’s Why That Might Happen ,182.92 ,11:32:17 11/29/2022"

"Elon Musk Says Apple ‘Threatened’ To Boot Twitter From App Store—Here’s Why That Might Happen ,182.92 ,11:32:17 11/29/2022"

"Elon Musk’s Apple Attack Sets Stage for Public Spat  ,182.92 ,11:32:17 11/29/2022"

"Elon Musk’s Apple Attack Sets Stage for Public Spat  ,182.92 ,11:32:17 11/29/2022"

"Twitter Stops Enforcing Covid-19 Misinformation Policy ,182.56 ,11:37:04 11/29/2022"

"Elon Musk Says Apple ‘Threatened’ To Boot Twitter From App Store—Here’s Why That Might Happen ,182.56 ,11:37:04 11/29/2022"

"Elon Musk Says Apple ‘Threatened’ To Boot Twitter From App Store—Here’s Why That Might Happen ,182.56 ,11:37:04 11/29/2022"

"Elon Musk Says Apple ‘Threatened’ To Boot Twitter From App Store—Here’s Why That Might Happen ,182.56 ,11:37:04 11/29/2022"

"Elon Musk’s Apple Attack Sets Stage for Public Spat  ,182.56 ,11:37:04 11/29/2022"

"Elon Musk’s Apple Attack Sets Stage for Public Spat  ,182.56 ,11:37:04 11/29/2022"

"Twitter Stops Enforcing Covid-19 Misinformation Policy ,183.13 ,11:41:51 11/29/2022"

"Elon Musk Says Apple ‘Threatened’ To Boot Twitter From App Store—Here’s Why That Might Happen ,183.13 ,11:41:51 11/29/2022"

"Elon Musk Says Apple ‘Threatened’ To Boot Twitter From App Store—Here’s Why That Might Happen ,183.13 ,11:41:51 11/29/2022"

"Elon Musk Says Apple ‘Threatened’ To Boot Twitter From App Store—Here’s Why That Might Happen ,183.13 ,11:41:51 11/29/2022"

"Elon Musk’s Apple Attack Sets Stage for Public Spat  ,183.13 ,11:41:51 11/29/2022"

"Elon Musk’s Apple Attack Sets Stage for Public Spat  ,183.13 ,11:41:51 11/29/2022"

"Elon Musk's $50 billion trial comes to an end  ,183.27 ,11:46:41 11/29/2022"

"Elon Musk's $50 billion trial comes to an end  ,183.27 ,11:46:41 11/29/2022"

"Twitter Stops Enforcing Covid-19 Misinformation Policy ,183.27 ,11:46:41 11/29/2022"

"Elon Musk Says Apple ‘Threatened’ To Boot Twitter From App Store—Here’s Why That Might Happen ,183.27 ,11:46:41 11/29/2022"

"Elon Musk Says Apple ‘Threatened’ To Boot Twitter From App Store—Here’s Why That Might Happen ,183.27 ,11:46:41 11/29/2022"

"Elon Musk Says Apple ‘Threatened’ To Boot Twitter From App Store—Here’s Why That Might Happen ,183.27 ,11:46:41 11/29/2022"

"Elon Musk’s Apple Attack Sets Stage for Public Spat  ,183.27 ,11:46:41 11/29/2022"

"Elon Musk’s Apple Attack Sets Stage for Public Spat  ,183.27 ,11:46:41 11/29/2022"

"Elon Musk's $50 billion trial comes to an end  ,183.16 ,11:51:31 11/29/2022"

"Elon Musk's $50 billion trial comes to an end  ,183.16 ,11:51:31 11/29/2022"

"Twitter Stops Enforcing Covid-19 Misinformation Policy ,183.16 ,11:51:31 11/29/2022"

"Elon Musk Says Apple ‘Threatened’ To Boot Twitter From App Store—Here’s Why That Might Happen ,183.16 ,11:51:31 11/29/2022"

"Elon Musk Says Apple ‘Threatened’ To Boot Twitter From App Store—Here’s Why That Might Happen ,183.16 ,11:51:31 11/29/2022"

"Elon Musk Says Apple ‘Threatened’ To Boot Twitter From App Store—Here’s Why That Might Happen ,183.16 ,11:51:31 11/29/2022"

"Elon Musk’s Apple Attack Sets Stage for Public Spat  ,183.16 ,11:51:31 11/29/2022"

"Elon Musk’s Apple Attack Sets Stage for Public Spat  ,183.16 ,11:51:31 11/29/2022"

"Elon Musk's $50 billion trial comes to an end  ,182.75 ,11:56:16 11/29/2022"

"Elon Musk's $50 billion trial comes to an end  ,182.75 ,11:56:16 11/29/2022"

"Twitter Stops Enforcing Covid-19 Misinformation Policy ,182.75 ,11:56:16 11/29/2022"

"Elon Musk Says Apple ‘Threatened’ To Boot Twitter From App Store—Here’s Why That Might Happen ,182.75 ,11:56:16 11/29/2022"

"Elon Musk Says Apple ‘Threatened’ To Boot Twitter From App Store—Here’s Why That Might Happen ,182.75 ,11:56:16 11/29/2022"

"Elon Musk Says Apple ‘Threatened’ To Boot Twitter From App Store—Here’s Why That Might Happen ,182.75 ,11:56:16 11/29/2022"

"Elon Musk’s Apple Attack Sets Stage for Public Spat  ,182.75 ,11:56:16 11/29/2022"

"Elon Musk’s Apple Attack Sets Stage for Public Spat  ,182.75 ,11:56:16 11/29/2022"

"Elon Musk's $50 billion trial comes to an end  ,182.27 ,12:00:59 11/29/2022"

"Elon Musk's $50 billion trial comes to an end  ,182.27 ,12:00:59 11/29/2022"

"Twitter Stops Enforcing Covid-19 Misinformation Policy ,182.27 ,12:00:59 11/29/2022"

"Elon Musk Says Apple ‘Threatened’ To Boot Twitter From App Store—Here’s Why That Might Happen ,182.27 ,12:00:59 11/29/2022"

"Elon Musk Says Apple ‘Threatened’ To Boot Twitter From App Store—Here’s Why That Might Happen ,182.27 ,12:00:59 11/29/2022"

"Elon Musk Says Apple ‘Threatened’ To Boot Twitter From App Store—Here’s Why That Might Happen ,182.27 ,12:00:59 11/29/2022"

"Elon Musk’s Apple Attack Sets Stage for Public Spat  ,182.27 ,12:00:59 11/29/2022"

"Elon Musk’s Apple Attack Sets Stage for Public Spat  ,182.27 ,12:00:59 11/29/2022"

"Elon Musk's $50 billion trial comes to an end  ,182.13 ,12:05:57 11/29/2022"

"Elon Musk's $50 billion trial comes to an end  ,182.13 ,12:05:57 11/29/2022"

"Twitter Stops Enforcing Covid-19 Misinformation Policy ,182.13 ,12:05:57 11/29/2022"

"Elon Musk Says Apple ‘Threatened’ To Boot Twitter From App Store—Here’s Why That Might Happen ,182.13 ,12:05:57 11/29/2022"

"Elon Musk Says Apple ‘Threatened’ To Boot Twitter From App Store—Here’s Why That Might Happen ,182.13 ,12:05:57 11/29/2022"

"Elon Musk Says Apple ‘Threatened’ To Boot Twitter From App Store—Here’s Why That Might Happen ,182.13 ,12:05:57 11/29/2022"

"Elon Musk’s Apple Attack Sets Stage for Public Spat  ,182.13 ,12:05:57 11/29/2022"

"Elon Musk’s Apple Attack Sets Stage for Public Spat  ,182.13 ,12:05:57 11/29/2022"

"Elon Musk's $50 billion trial comes to an end  ,182.35 ,12:10:44 11/29/2022"

"Elon Musk's $50 billion trial comes to an end  ,182.35 ,12:10:44 11/29/2022"

"Twitter Stops Enforcing Covid-19 Misinformation Policy ,182.35 ,12:10:44 11/29/2022"

"Elon Musk Says Apple ‘Threatened’ To Boot Twitter From App Store—Here’s Why That Might Happen ,182.35 ,12:10:44 11/29/2022"

"Elon Musk Says Apple ‘Threatened’ To Boot Twitter From App Store—Here’s Why That Might Happen ,182.35 ,12:10:44 11/29/2022"

"Elon Musk Says Apple ‘Threatened’ To Boot Twitter From App Store—Here’s Why That Might Happen ,182.35 ,12:10:44 11/29/2022"

"Elon Musk’s Apple Attack Sets Stage for Public Spat  ,182.35 ,12:10:44 11/29/2022"

"Elon Musk’s Apple Attack Sets Stage for Public Spat  ,182.35 ,12:10:44 11/29/2022"

"Elon Musk's $50 billion trial comes to an end  ,182.34 ,12:15:32 11/29/2022"

"Elon Musk's $50 billion trial comes to an end  ,182.34 ,12:15:32 11/29/2022"

"Twitter Stops Enforcing Covid-19 Misinformation Policy ,182.34 ,12:15:32 11/29/2022"

"Elon Musk Says Apple ‘Threatened’ To Boot Twitter From App Store—Here’s Why That Might Happen ,182.34 ,12:15:32 11/29/2022"

"Elon Musk Says Apple ‘Threatened’ To Boot Twitter From App Store—Here’s Why That Might Happen ,182.34 ,12:15:32 11/29/2022"

"Elon Musk Says Apple ‘Threatened’ To Boot Twitter From App Store—Here’s Why That Might Happen ,182.34 ,12:15:32 11/29/2022"

"Elon Musk’s Apple Attack Sets Stage for Public Spat  ,182.34 ,12:15:32 11/29/2022"

"Elon Musk’s Apple Attack Sets Stage for Public Spat  ,182.34 ,12:15:32 11/29/2022"

"Elon Musk's $50 billion trial comes to an end  ,181.77 ,12:20:46 11/29/2022"

"Elon Musk's $50 billion trial comes to an end  ,181.77 ,12:20:46 11/29/2022"

"Twitter Stops Enforcing Covid-19 Misinformation Policy ,181.77 ,12:20:46 11/29/2022"

"Elon Musk Says Apple ‘Threatened’ To Boot Twitter From App Store—Here’s Why That Might Happen ,181.77 ,12:20:46 11/29/2022"

"Elon Musk Says Apple ‘Threatened’ To Boot Twitter From App Store—Here’s Why That Might Happen ,181.77 ,12:20:46 11/29/2022"

"Elon Musk Says Apple ‘Threatened’ To Boot Twitter From App Store—Here’s Why That Might Happen ,181.77 ,12:20:46 11/29/2022"

"Elon Musk’s Apple Attack Sets Stage for Public Spat  ,181.77 ,12:20:46 11/29/2022"

"Elon Musk’s Apple Attack Sets Stage for Public Spat  ,181.77 ,12:20:46 11/29/2022"

"Elon Musk's $50 billion trial comes to an end  ,181.18 ,12:25:35 11/29/2022"

"Elon Musk's $50 billion trial comes to an end  ,181.18 ,12:25:35 11/29/2022"

"Twitter Stops Enforcing Covid-19 Misinformation Policy ,181.18 ,12:25:35 11/29/2022"

"Elon Musk Says Apple ‘Threatened’ To Boot Twitter From App Store—Here’s Why That Might Happen ,181.18 ,12:25:35 11/29/2022"

"Elon Musk Says Apple ‘Threatened’ To Boot Twitter From App Store—Here’s Why That Might Happen ,181.18 ,12:25:35 11/29/2022"

"Elon Musk Says Apple ‘Threatened’ To Boot Twitter From App Store—Here’s Why That Might Happen ,181.18 ,12:25:35 11/29/2022"

"Elon Musk’s Apple Attack Sets Stage for Public Spat  ,181.18 ,12:25:35 11/29/2022"

"Elon Musk’s Apple Attack Sets Stage for Public Spat  ,181.18 ,12:25:35 11/29/2022"

"Elon Musk's $50 billion trial comes to an end  ,180.60 ,12:30:22 11/29/2022"

"Elon Musk's $50 billion trial comes to an end  ,180.60 ,12:30:22 11/29/2022"

"Twitter Stops Enforcing Covid-19 Misinformation Policy ,180.60 ,12:30:22 11/29/2022"

"Elon Musk Says Apple ‘Threatened’ To Boot Twitter From App Store—Here’s Why That Might Happen ,180.60 ,12:30:22 11/29/2022"

"Elon Musk Says Apple ‘Threatened’ To Boot Twitter From App Store—Here’s Why That Might Happen ,180.60 ,12:30:22 11/29/2022"

"Elon Musk Says Apple ‘Threatened’ To Boot Twitter From App Store—Here’s Why That Might Happen ,180.60 ,12:30:22 11/29/2022"

"Disney CEO Iger Shuts Down Apple Merger Rumors Sticks By Hiring Freeze ,180.60 ,12:30:22 11/29/2022"

"Disney CEO Iger Shuts Down Apple Merger Rumors Sticks By Hiring Freeze ,180.60 ,12:30:22 11/29/2022"

"Disney CEO Iger Shuts Down Apple Merger Rumors Sticks By Hiring Freeze ,180.60 ,12:30:22 11/29/2022"

"Disney CEO Iger Shuts Down Apple Merger Rumors Sticks By Hiring Freeze ,180.60 ,12:30:22 11/29/2022"

"Elon Musk’s Apple Attack Sets Stage for Public Spat  ,180.60 ,12:30:22 11/29/2022"

"Elon Musk’s Apple Attack Sets Stage for Public Spat  ,180.60 ,12:30:22 11/29/2022"

"Elon Musk's $50 billion trial comes to an end  ,180.70 ,12:35:11 11/29/2022"

"Elon Musk's $50 billion trial comes to an end  ,180.70 ,12:35:11 11/29/2022"

"DeSantis Attacks Apple For Allegedly Threatening To Remove Musk-Run Twitter From App Store—Joining Other Republicans ,180.70 ,12:35:11 11/29/2022"

"DeSantis Attacks Apple For Allegedly Threatening To Remove Musk-Run Twitter From App Store—Joining Other Republicans ,180.70 ,12:35:11 11/29/2022"

"Twitter Stops Enforcing Covid-19 Misinformation Policy ,180.70 ,12:35:11 11/29/2022"

"Elon Musk Says Apple ‘Threatened’ To Boot Twitter From App Store—Here’s Why That Might Happen ,180.70 ,12:35:11 11/29/2022"

"Elon Musk Says Apple ‘Threatened’ To Boot Twitter From App Store—Here’s Why That Might Happen ,180.70 ,12:35:11 11/29/2022"

"Elon Musk Says Apple ‘Threatened’ To Boot Twitter From App Store—Here’s Why That Might Happen ,180.70 ,12:35:11 11/29/2022"

"Elon Musk Says Apple ‘Threatened’ To Boot Twitter From App Store—Here’s Why That Might Happen ,180.70 ,12:35:11 11/29/2022"

"Elon Musk Says Apple ‘Threatened’ To Boot Twitter From App Store—Here’s Why That Might Happen ,180.70 ,12:35:11 11/29/2022"

"Elon Musk Says Apple ‘Threatened’ To Boot Twitter From App Store—Here’s Why That Might Happen ,180.70 ,12:35:11 11/29/2022"

"Elon Musk Says Apple ‘Threatened’ To Boot Twitter From App Store—Here’s Why That Might Happen ,180.70 ,12:35:11 11/29/2022"

"Elon Musk’s Apple Attack Sets Stage for Public Spat  ,180.70 ,12:35:11 11/29/2022"

"Elon Musk’s Apple Attack Sets Stage for Public Spat  ,180.70 ,12:35:11 11/29/2022"

"Elon Musk's $50 billion trial comes to an end  ,180.38 ,12:40:09 11/29/2022"

"Elon Musk's $50 billion trial comes to an end  ,180.38 ,12:40:09 11/29/2022"

"DeSantis Attacks Apple For Allegedly Threatening To Remove Musk-Run Twitter From App Store—Joining Other Republicans ,180.38 ,12:40:09 11/29/2022"

"DeSantis Attacks Apple For Allegedly Threatening To Remove Musk-Run Twitter From App Store—Joining Other Republicans ,180.38 ,12:40:09 11/29/2022"

"Twitter Stops Enforcing Covid-19 Misinformation Policy ,180.38 ,12:40:09 11/29/2022"

"Elon Musk Says Apple ‘Threatened’ To Boot Twitter From App Store—Here’s Why That Might Happen ,180.38 ,12:40:09 11/29/2022"

"Elon Musk Says Apple ‘Threatened’ To Boot Twitter From App Store—Here’s Why That Might Happen ,180.38 ,12:40:09 11/29/2022"

"Elon Musk Says Apple ‘Threatened’ To Boot Twitter From App Store—Here’s Why That Might Happen ,180.38 ,12:40:09 11/29/2022"

"Elon Musk Says Apple ‘Threatened’ To Boot Twitter From App Store—Here’s Why That Might Happen ,180.38 ,12:40:09 11/29/2022"

"Elon Musk Says Apple ‘Threatened’ To Boot Twitter From App Store—Here’s Why That Might Happen ,180.38 ,12:40:09 11/29/2022"

"Elon Musk Says Apple ‘Threatened’ To Boot Twitter From App Store—Here’s Why That Might Happen ,180.38 ,12:40:09 11/29/2022"

"Elon Musk Says Apple ‘Threatened’ To Boot Twitter From App Store—Here’s Why That Might Happen ,180.38 ,12:40:09 11/29/2022"

"Elon Musk’s Apple Attack Sets Stage for Public Spat  ,180.38 ,12:40:09 11/29/2022"

"Elon Musk’s Apple Attack Sets Stage for Public Spat  ,180.38 ,12:40:09 11/29/2022"

"Elon Musk's $50 billion trial comes to an end  ,180.59 ,12:44:54 11/29/2022"

"Elon Musk's $50 billion trial comes to an end  ,180.59 ,12:44:54 11/29/2022"

"Twitter Stops Enforcing Covid-19 Misinformation Policy ,180.59 ,12:44:54 11/29/2022"

"Elon Musk Says Apple ‘Threatened’ To Boot Twitter From App Store—Here’s Why That Might Happen ,180.59 ,12:44:54 11/29/2022"

"Elon Musk Says Apple ‘Threatened’ To Boot Twitter From App Store—Here’s Why That Might Happen ,180.59 ,12:44:54 11/29/2022"

"Elon Musk Says Apple ‘Threatened’ To Boot Twitter From App Store—Here’s Why That Might Happen ,180.59 ,12:44:54 11/29/2022"

"Disney CEO Iger Shuts Down Apple Merger Rumors Sticks By Hiring Freeze ,180.59 ,12:44:54 11/29/2022"

"Disney CEO Iger Shuts Down Apple Merger Rumors Sticks By Hiring Freeze ,180.59 ,12:44:54 11/29/2022"

"Disney CEO Iger Shuts Down Apple Merger Rumors Sticks By Hiring Freeze ,180.59 ,12:44:54 11/29/2022"

"Disney CEO Iger Shuts Down Apple Merger Rumors Sticks By Hiring Freeze ,180.59 ,12:44:54 11/29/2022"

"Twitter Under Elon Musk Abandons Covid-19 Misinformation Policy ,180.59 ,12:44:54 11/29/2022"

"Twitter Under Elon Musk Abandons Covid-19 Misinformation Policy ,180.59 ,12:44:54 11/29/2022"

"Twitter Under Elon Musk Abandons Covid-19 Misinformation Policy ,180.59 ,12:44:54 11/29/2022"

"Elon Musk’s Apple Attack Sets Stage for Public Spat  ,180.59 ,12:44:54 11/29/2022"

"Elon Musk’s Apple Attack Sets Stage for Public Spat  ,180.59 ,12:44:54 11/29/2022"

"Elon Musk's $50 billion trial comes to an end  ,180.06 ,12:51:30 11/29/2022"

"Elon Musk's $50 billion trial comes to an end  ,180.06 ,12:51:30 11/29/2022"

"DeSantis Attacks Apple For Allegedly Threatening To Remove Musk-Run Twitter From App Store—Joining Other Republicans ,180.06 ,12:51:30 11/29/2022"

"DeSantis Attacks Apple For Allegedly Threatening To Remove Musk-Run Twitter From App Store—Joining Other Republicans ,180.06 ,12:51:30 11/29/2022"

"Twitter Stops Enforcing Covid-19 Misinformation Policy ,180.06 ,12:51:30 11/29/2022"

"Elon Musk Says Apple ‘Threatened’ To Boot Twitter From App Store—Here’s Why That Might Happen ,180.06 ,12:51:30 11/29/2022"

"Elon Musk Says Apple ‘Threatened’ To Boot Twitter From App Store—Here’s Why That Might Happen ,180.06 ,12:51:30 11/29/2022"

"Elon Musk Says Apple ‘Threatened’ To Boot Twitter From App Store—Here’s Why That Might Happen ,180.06 ,12:51:30 11/29/2022"

"Elon Musk Says Apple ‘Threatened’ To Boot Twitter From App Store—Here’s Why That Might Happen ,180.06 ,12:51:30 11/29/2022"

"Elon Musk Says Apple ‘Threatened’ To Boot Twitter From App Store—Here’s Why That Might Happen ,180.06 ,12:51:30 11/29/2022"

"Elon Musk Says Apple ‘Threatened’ To Boot Twitter From App Store—Here’s Why That Might Happen ,180.06 ,12:51:30 11/29/2022"

"Elon Musk Says Apple ‘Threatened’ To Boot Twitter From App Store—Here’s Why That Might Happen ,180.06 ,12:51:30 11/29/2022"

"China’s Latest Rocket Sends New Crew to Finish Tiangong Space Station ,180.06 ,12:51:30 11/29/2022"

"China’s Latest Rocket Sends New Crew to Finish Tiangong Space Station ,180.06 ,12:51:30 11/29/2022"

"Twitter Under Elon Musk Abandons Covid-19 Misinformation Policy ,180.06 ,12:51:30 11/29/2022"

"Twitter Under Elon Musk Abandons Covid-19 Misinformation Policy ,180.06 ,12:51:30 11/29/2022"

"Twitter Under Elon Musk Abandons Covid-19 Misinformation Policy ,180.06 ,12:51:30 11/29/2022"

"Elon Musk’s Apple Attack Sets Stage for Public Spat  ,180.06 ,12:51:30 11/29/2022"

"Elon Musk’s Apple Attack Sets Stage for Public Spat  ,180.06 ,12:51:30 11/29/2022"

"Elon Musk's $50 billion trial comes to an end  ,179.44 ,12:56:22 11/29/2022"

"Elon Musk's $50 billion trial comes to an end  ,179.44 ,12:56:22 11/29/2022"

"DeSantis Attacks Apple For Allegedly Threatening To Remove Musk-Run Twitter From App Store—Joining Other Republicans ,179.44 ,12:56:22 11/29/2022"

"DeSantis Attacks Apple For Allegedly Threatening To Remove Musk-Run Twitter From App Store—Joining Other Republicans ,179.44 ,12:56:22 11/29/2022"

"Twitter Stops Enforcing Covid-19 Misinformation Policy ,179.44 ,12:56:22 11/29/2022"

"Elon Musk Says Apple ‘Threatened’ To Boot Twitter From App Store—Here’s Why That Might Happen ,179.44 ,12:56:22 11/29/2022"

"Elon Musk Says Apple ‘Threatened’ To Boot Twitter From App Store—Here’s Why That Might Happen ,179.44 ,12:56:22 11/29/2022"

"Elon Musk Says Apple ‘Threatened’ To Boot Twitter From App Store—Here’s Why That Might Happen ,179.44 ,12:56:22 11/29/2022"

"Elon Musk Says Apple ‘Threatened’ To Boot Twitter From App Store—Here’s Why That Might Happen ,179.44 ,12:56:22 11/29/2022"

"Elon Musk Says Apple ‘Threatened’ To Boot Twitter From App Store—Here’s Why That Might Happen ,179.44 ,12:56:22 11/29/2022"

"Elon Musk Says Apple ‘Threatened’ To Boot Twitter From App Store—Here’s Why That Might Happen ,179.44 ,12:56:22 11/29/2022"

"Elon Musk Says Apple ‘Threatened’ To Boot Twitter From App Store—Here’s Why That Might Happen ,179.44 ,12:56:22 11/29/2022"

"China’s Latest Rocket Sends New Crew to Finish Tiangong Space Station ,179.44 ,12:56:22 11/29/2022"

"China’s Latest Rocket Sends New Crew to Finish Tiangong Space Station ,179.44 ,12:56:22 11/29/2022"

"Twitter Under Elon Musk Abandons Covid-19 Misinformation Policy ,179.44 ,12:56:22 11/29/2022"

"Twitter Under Elon Musk Abandons Covid-19 Misinformation Policy ,179.44 ,12:56:22 11/29/2022"

"Twitter Under Elon Musk Abandons Covid-19 Misinformation Policy ,179.44 ,12:56:22 11/29/2022"

"Elon Musk’s Apple Attack Sets Stage for Public Spat  ,179.44 ,12:56:22 11/29/2022"

"Elon Musk’s Apple Attack Sets Stage for Public Spat  ,179.44 ,12:56:22 11/29/2022"

"Elon Musk's $50 billion trial comes to an end  ,180.26 ,13:01:26 11/29/2022"

"Elon Musk's $50 billion trial comes to an end  ,180.26 ,13:01:26 11/29/2022"

"DeSantis Attacks Apple For Allegedly Threatening To Remove Musk-Run Twitter From App Store—Joining Other Republicans ,180.26 ,13:01:26 11/29/2022"

"DeSantis Attacks Apple For Allegedly Threatening To Remove Musk-Run Twitter From App Store—Joining Other Republicans ,180.26 ,13:01:26 11/29/2022"

"Twitter Stops Enforcing Covid-19 Misinformation Policy ,180.26 ,13:01:26 11/29/2022"

"Elon Musk Says Apple ‘Threatened’ To Boot Twitter From App Store—Here’s Why That Might Happen ,180.26 ,13:01:26 11/29/2022"

"Elon Musk Says Apple ‘Threatened’ To Boot Twitter From App Store—Here’s Why That Might Happen ,180.26 ,13:01:26 11/29/2022"

"Elon Musk Says Apple ‘Threatened’ To Boot Twitter From App Store—Here’s Why That Might Happen ,180.26 ,13:01:26 11/29/2022"

"Elon Musk Says Apple ‘Threatened’ To Boot Twitter From App Store—Here’s Why That Might Happen ,180.26 ,13:01:26 11/29/2022"

"Elon Musk Says Apple ‘Threatened’ To Boot Twitter From App Store—Here’s Why That Might Happen ,180.26 ,13:01:26 11/29/2022"

"Elon Musk Says Apple ‘Threatened’ To Boot Twitter From App Store—Here’s Why That Might Happen ,180.26 ,13:01:26 11/29/2022"

"Elon Musk Says Apple ‘Threatened’ To Boot Twitter From App Store—Here’s Why That Might Happen ,180.26 ,13:01:26 11/29/2022"

"China’s Latest Rocket Sends New Crew to Finish Tiangong Space Station ,180.26 ,13:01:26 11/29/2022"

"China’s Latest Rocket Sends New Crew to Finish Tiangong Space Station ,180.26 ,13:01:26 11/29/2022"

"Twitter Under Elon Musk Abandons Covid-19 Misinformation Policy ,180.26 ,13:01:26 11/29/2022"

"Twitter Under Elon Musk Abandons Covid-19 Misinformation Policy ,180.26 ,13:01:26 11/29/2022"

"Twitter Under Elon Musk Abandons Covid-19 Misinformation Policy ,180.26 ,13:01:26 11/29/2022"

"Elon Musk’s Apple Attack Sets Stage for Public Spat  ,180.26 ,13:01:26 11/29/2022"

"Elon Musk’s Apple Attack Sets Stage for Public Spat  ,180.26 ,13:01:26 11/29/2022"

"Elon Musk's $50 billion trial comes to an end  ,180.25 ,13:06:13 11/29/2022"

"Elon Musk's $50 billion trial comes to an end  ,180.25 ,13:06:13 11/29/2022"

"DeSantis Attacks Apple For Allegedly Threatening To Remove Musk-Run Twitter From App Store—Joining Other Republicans ,180.25 ,13:06:13 11/29/2022"

"DeSantis Attacks Apple For Allegedly Threatening To Remove Musk-Run Twitter From App Store—Joining Other Republicans ,180.25 ,13:06:13 11/29/2022"

"Twitter Stops Enforcing Covid-19 Misinformation Policy ,180.25 ,13:06:13 11/29/2022"

"Elon Musk Says Apple ‘Threatened’ To Boot Twitter From App Store—Here’s Why That Might Happen ,180.25 ,13:06:13 11/29/2022"

"Elon Musk Says Apple ‘Threatened’ To Boot Twitter From App Store—Here’s Why That Might Happen ,180.25 ,13:06:13 11/29/2022"

"Elon Musk Says Apple ‘Threatened’ To Boot Twitter From App Store—Here’s Why That Might Happen ,180.25 ,13:06:13 11/29/2022"

"China’s Latest Rocket Sends New Crew to Finish Tiangong Space Station ,180.25 ,13:06:13 11/29/2022"

"China’s Latest Rocket Sends New Crew to Finish Tiangong Space Station ,180.25 ,13:06:13 11/29/2022"

"Twitter Under Elon Musk Abandons Covid-19 Misinformation Policy ,180.25 ,13:06:13 11/29/2022"

"Twitter Under Elon Musk Abandons Covid-19 Misinformation Policy ,180.25 ,13:06:13 11/29/2022"

"Twitter Under Elon Musk Abandons Covid-19 Misinformation Policy ,180.25 ,13:06:13 11/29/2022"

"Elon Musk’s Apple Attack Sets Stage for Public Spat  ,180.25 ,13:06:13 11/29/2022"

"Elon Musk’s Apple Attack Sets Stage for Public Spat  ,180.25 ,13:06:13 11/29/2022"

"Elon Musk's $50 billion trial comes to an end  ,180.22 ,13:11:17 11/29/2022"

"Elon Musk's $50 billion trial comes to an end  ,180.22 ,13:11:17 11/29/2022"

"DeSantis Attacks Apple For Allegedly Threatening To Remove Musk-Run Twitter From App Store—Joining Other Republicans ,180.22 ,13:11:17 11/29/2022"

"DeSantis Attacks Apple For Allegedly Threatening To Remove Musk-Run Twitter From App Store—Joining Other Republicans ,180.22 ,13:11:17 11/29/2022"

"Twitter Stops Enforcing Covid-19 Misinformation Policy ,180.22 ,13:11:17 11/29/2022"

"Elon Musk Says Apple ‘Threatened’ To Boot Twitter From App Store—Here’s Why That Might Happen ,180.22 ,13:11:17 11/29/2022"

"Elon Musk Says Apple ‘Threatened’ To Boot Twitter From App Store—Here’s Why That Might Happen ,180.22 ,13:11:17 11/29/2022"

"Elon Musk Says Apple ‘Threatened’ To Boot Twitter From App Store—Here’s Why That Might Happen ,180.22 ,13:11:17 11/29/2022"

"China’s Latest Rocket Sends New Crew to Finish Tiangong Space Station ,180.22 ,13:11:17 11/29/2022"

"China’s Latest Rocket Sends New Crew to Finish Tiangong Space Station ,180.22 ,13:11:17 11/29/2022"

"Twitter Under Elon Musk Abandons Covid-19 Misinformation Policy ,180.22 ,13:11:17 11/29/2022"

"Twitter Under Elon Musk Abandons Covid-19 Misinformation Policy ,180.22 ,13:11:17 11/29/2022"

"Twitter Under Elon Musk Abandons Covid-19 Misinformation Policy ,180.22 ,13:11:17 11/29/2022"

"Elon Musk’s Apple Attack Sets Stage for Public Spat  ,180.22 ,13:11:17 11/29/2022"

"Elon Musk’s Apple Attack Sets Stage for Public Spat  ,180.22 ,13:11:17 11/29/2022"

"Elon Musk's $50 billion trial comes to an end  ,180.11 ,13:16:06 11/29/2022"

"Elon Musk's $50 billion trial comes to an end  ,180.11 ,13:16:06 11/29/2022"

"DeSantis Attacks Apple For Allegedly Threatening To Remove Musk-Run Twitter From App Store—Joining Other Republicans ,180.11 ,13:16:06 11/29/2022"

"DeSantis Attacks Apple For Allegedly Threatening To Remove Musk-Run Twitter From App Store—Joining Other Republicans ,180.11 ,13:16:06 11/29/2022"

"Twitter Stops Enforcing Covid-19 Misinformation Policy ,180.11 ,13:16:06 11/29/2022"

"Elon Musk Says Apple ‘Threatened’ To Boot Twitter From App Store—Here’s Why That Might Happen ,180.11 ,13:16:06 11/29/2022"

"Elon Musk Says Apple ‘Threatened’ To Boot Twitter From App Store—Here’s Why That Might Happen ,180.11 ,13:16:06 11/29/2022"

"Elon Musk Says Apple ‘Threatened’ To Boot Twitter From App Store—Here’s Why That Might Happen ,180.11 ,13:16:06 11/29/2022"

"China’s Latest Rocket Sends New Crew to Finish Tiangong Space Station ,180.11 ,13:16:06 11/29/2022"

"China’s Latest Rocket Sends New Crew to Finish Tiangong Space Station ,180.11 ,13:16:06 11/29/2022"

"Twitter Under Elon Musk Abandons Covid-19 Misinformation Policy ,180.11 ,13:16:06 11/29/2022"

"Twitter Under Elon Musk Abandons Covid-19 Misinformation Policy ,180.11 ,13:16:06 11/29/2022"

"Twitter Under Elon Musk Abandons Covid-19 Misinformation Policy ,180.11 ,13:16:06 11/29/2022"

"Elon Musk’s Apple Attack Sets Stage for Public Spat  ,180.11 ,13:16:06 11/29/2022"

"Elon Musk’s Apple Attack Sets Stage for Public Spat  ,180.11 ,13:16:06 11/29/2022"

"Elon Musk's $50 billion trial comes to an end  ,180.27 ,13:21:00 11/29/2022"

"Elon Musk's $50 billion trial comes to an end  ,180.27 ,13:21:00 11/29/2022"

"DeSantis Attacks Apple For Allegedly Threatening To Remove Musk-Run Twitter From App Store—Joining Other Republicans ,180.27 ,13:21:00 11/29/2022"

"DeSantis Attacks Apple For Allegedly Threatening To Remove Musk-Run Twitter From App Store—Joining Other Republicans ,180.27 ,13:21:00 11/29/2022"

"Twitter Stops Enforcing Covid-19 Misinformation Policy ,180.27 ,13:21:00 11/29/2022"

"Elon Musk Says Apple ‘Threatened’ To Boot Twitter From App Store—Here’s Why That Might Happen ,180.27 ,13:21:00 11/29/2022"

"Elon Musk Says Apple ‘Threatened’ To Boot Twitter From App Store—Here’s Why That Might Happen ,180.27 ,13:21:00 11/29/2022"

"Elon Musk Says Apple ‘Threatened’ To Boot Twitter From App Store—Here’s Why That Might Happen ,180.27 ,13:21:00 11/29/2022"

"China’s Latest Rocket Sends New Crew to Finish Tiangong Space Station ,180.27 ,13:21:00 11/29/2022"

"China’s Latest Rocket Sends New Crew to Finish Tiangong Space Station ,180.27 ,13:21:00 11/29/2022"

"Twitter Under Elon Musk Abandons Covid-19 Misinformation Policy ,180.27 ,13:21:00 11/29/2022"

"Twitter Under Elon Musk Abandons Covid-19 Misinformation Policy ,180.27 ,13:21:00 11/29/2022"

"Twitter Under Elon Musk Abandons Covid-19 Misinformation Policy ,180.27 ,13:21:00 11/29/2022"

"Elon Musk’s Apple Attack Sets Stage for Public Spat  ,180.27 ,13:21:00 11/29/2022"

"Elon Musk’s Apple Attack Sets Stage for Public Spat  ,180.27 ,13:21:00 11/29/2022"

"Elon Musk's $50 billion trial comes to an end  ,179.95 ,13:25:48 11/29/2022"

"Elon Musk's $50 billion trial comes to an end  ,179.95 ,13:25:48 11/29/2022"

"DeSantis Attacks Apple For Allegedly Threatening To Remove Musk-Run Twitter From App Store—Joining Other Republicans ,179.95 ,13:25:48 11/29/2022"

"DeSantis Attacks Apple For Allegedly Threatening To Remove Musk-Run Twitter From App Store—Joining Other Republicans ,179.95 ,13:25:48 11/29/2022"

"Twitter Stops Enforcing Covid-19 Misinformation Policy ,179.95 ,13:25:48 11/29/2022"

"Elon Musk Says Apple ‘Threatened’ To Boot Twitter From App Store—Here’s Why That Might Happen ,179.95 ,13:25:48 11/29/2022"

"Elon Musk Says Apple ‘Threatened’ To Boot Twitter From App Store—Here’s Why That Might Happen ,179.95 ,13:25:48 11/29/2022"

"Elon Musk Says Apple ‘Threatened’ To Boot Twitter From App Store—Here’s Why That Might Happen ,179.95 ,13:25:48 11/29/2022"

"China’s Latest Rocket Sends New Crew to Finish Tiangong Space Station ,179.95 ,13:25:48 11/29/2022"

"China’s Latest Rocket Sends New Crew to Finish Tiangong Space Station ,179.95 ,13:25:48 11/29/2022"

"Twitter Under Elon Musk Abandons Covid-19 Misinformation Policy ,179.95 ,13:25:48 11/29/2022"

"Twitter Under Elon Musk Abandons Covid-19 Misinformation Policy ,179.95 ,13:25:48 11/29/2022"

"Twitter Under Elon Musk Abandons Covid-19 Misinformation Policy ,179.95 ,13:25:48 11/29/2022"

"Elon Musk’s Apple Attack Sets Stage for Public Spat  ,179.95 ,13:25:48 11/29/2022"

"Elon Musk’s Apple Attack Sets Stage for Public Spat  ,179.95 ,13:25:48 11/29/2022"

"Elon Musk's $50 billion trial comes to an end  ,180.25 ,13:30:35 11/29/2022"

"Elon Musk's $50 billion trial comes to an end  ,180.25 ,13:30:35 11/29/2022"

"DeSantis Attacks Apple For Allegedly Threatening To Remove Musk-Run Twitter From App Store—Joining Other Republicans ,180.25 ,13:30:35 11/29/2022"

"DeSantis Attacks Apple For Allegedly Threatening To Remove Musk-Run Twitter From App Store—Joining Other Republicans ,180.25 ,13:30:35 11/29/2022"

"Twitter Stops Enforcing Covid-19 Misinformation Policy ,180.25 ,13:30:35 11/29/2022"

"Elon Musk Says Apple ‘Threatened’ To Boot Twitter From App Store—Here’s Why That Might Happen ,180.25 ,13:30:35 11/29/2022"

"Elon Musk Says Apple ‘Threatened’ To Boot Twitter From App Store—Here’s Why That Might Happen ,180.25 ,13:30:35 11/29/2022"

"Elon Musk Says Apple ‘Threatened’ To Boot Twitter From App Store—Here’s Why That Might Happen ,180.25 ,13:30:35 11/29/2022"

"Elon Musk Says Apple ‘Threatened’ To Boot Twitter From App Store—Here’s Why That Might Happen ,180.25 ,13:30:35 11/29/2022"

"China’s Latest Rocket Sends New Crew to Finish Tiangong Space Station ,180.25 ,13:30:35 11/29/2022"

"China’s Latest Rocket Sends New Crew to Finish Tiangong Space Station ,180.25 ,13:30:35 11/29/2022"

"Twitter Under Elon Musk Abandons Covid-19 Misinformation Policy ,180.25 ,13:30:35 11/29/2022"

"Twitter Under Elon Musk Abandons Covid-19 Misinformation Policy ,180.25 ,13:30:35 11/29/2022"

"Twitter Under Elon Musk Abandons Covid-19 Misinformation Policy ,180.25 ,13:30:35 11/29/2022"

"Elon Musk’s Apple Attack Sets Stage for Public Spat  ,180.25 ,13:30:35 11/29/2022"

"Elon Musk’s Apple Attack Sets Stage for Public Spat  ,180.25 ,13:30:35 11/29/2022"

"Elon Musk's $50 billion trial comes to an end  ,179.97 ,13:35:20 11/29/2022"

"Elon Musk's $50 billion trial comes to an end  ,179.97 ,13:35:20 11/29/2022"

"DeSantis Attacks Apple For Allegedly Threatening To Remove Musk-Run Twitter From App Store—Joining Other Republicans ,179.97 ,13:35:20 11/29/2022"

"DeSantis Attacks Apple For Allegedly Threatening To Remove Musk-Run Twitter From App Store—Joining Other Republicans ,179.97 ,13:35:20 11/29/2022"

"Twitter Stops Enforcing Covid-19 Misinformation Policy ,179.97 ,13:35:20 11/29/2022"

"MyPillow CEO Mike Lindell Will Run For GOP Chair—Here’s Who Else He May Be Up Against ,179.97 ,13:35:20 11/29/2022"

"China’s Latest Rocket Sends New Crew to Finish Tiangong Space Station ,179.97 ,13:35:20 11/29/2022"

"China’s Latest Rocket Sends New Crew to Finish Tiangong Space Station ,179.97 ,13:35:20 11/29/2022"

"Twitter Under Elon Musk Abandons Covid-19 Misinformation Policy ,179.97 ,13:35:20 11/29/2022"

"Twitter Under Elon Musk Abandons Covid-19 Misinformation Policy ,179.97 ,13:35:20 11/29/2022"

"Twitter Under Elon Musk Abandons Covid-19 Misinformation Policy ,179.97 ,13:35:20 11/29/2022"

"Elon Musk’s Apple Attack Sets Stage for Public Spat  ,179.97 ,13:35:20 11/29/2022"

"Elon Musk’s Apple Attack Sets Stage for Public Spat  ,179.97 ,13:35:20 11/29/2022"

"Elon Musk's $50 billion trial comes to an end  ,179.91 ,13:40:25 11/29/2022"

"Elon Musk's $50 billion trial comes to an end  ,179.91 ,13:40:25 11/29/2022"

"DeSantis Attacks Apple For Allegedly Threatening To Remove Musk-Run Twitter From App Store—Joining Other Republicans ,179.91 ,13:40:25 11/29/2022"

"DeSantis Attacks Apple For Allegedly Threatening To Remove Musk-Run Twitter From App Store—Joining Other Republicans ,179.91 ,13:40:25 11/29/2022"

"Twitter Stops Enforcing Covid-19 Misinformation Policy ,179.91 ,13:40:25 11/29/2022"

"Will Smith Concerned Audiences Will ‘Penalize’ New Film ‘Emancipation’ Because Of Oscars Slap ,179.91 ,13:40:25 11/29/2022"

"China’s Latest Rocket Sends New Crew to Finish Tiangong Space Station ,179.91 ,13:40:25 11/29/2022"

"China’s Latest Rocket Sends New Crew to Finish Tiangong Space Station ,179.91 ,13:40:25 11/29/2022"

"Twitter Under Elon Musk Abandons Covid-19 Misinformation Policy ,179.91 ,13:40:25 11/29/2022"

"Twitter Under Elon Musk Abandons Covid-19 Misinformation Policy ,179.91 ,13:40:25 11/29/2022"

"Twitter Under Elon Musk Abandons Covid-19 Misinformation Policy ,179.91 ,13:40:25 11/29/2022"

"Elon Musk's $50 billion trial comes to an end  ,179.85 ,13:45:09 11/29/2022"

"Elon Musk's $50 billion trial comes to an end  ,179.85 ,13:45:09 11/29/2022"

"DeSantis Attacks Apple For Allegedly Threatening To Remove Musk-Run Twitter From App Store—Joining Other Republicans ,179.85 ,13:45:09 11/29/2022"

"DeSantis Attacks Apple For Allegedly Threatening To Remove Musk-Run Twitter From App Store—Joining Other Republicans ,179.85 ,13:45:09 11/29/2022"

"Twitter Stops Enforcing Covid-19 Misinformation Policy ,179.85 ,13:45:09 11/29/2022"

"Elon Musk Says Apple ‘Threatened’ To Boot Twitter From App Store—Here’s Why That Might Happen ,179.85 ,13:45:09 11/29/2022"

"Elon Musk Says Apple ‘Threatened’ To Boot Twitter From App Store—Here’s Why That Might Happen ,179.85 ,13:45:09 11/29/2022"

"Elon Musk Says Apple ‘Threatened’ To Boot Twitter From App Store—Here’s Why That Might Happen ,179.85 ,13:45:09 11/29/2022"

"Elon Musk Says Apple ‘Threatened’ To Boot Twitter From App Store—Here’s Why That Might Happen ,179.85 ,13:45:09 11/29/2022"

"China’s Latest Rocket Sends New Crew to Finish Tiangong Space Station ,179.85 ,13:45:09 11/29/2022"

"China’s Latest Rocket Sends New Crew to Finish Tiangong Space Station ,179.85 ,13:45:09 11/29/2022"

"Twitter Under Elon Musk Abandons Covid-19 Misinformation Policy ,179.85 ,13:45:09 11/29/2022"

"Twitter Under Elon Musk Abandons Covid-19 Misinformation Policy ,179.85 ,13:45:09 11/29/2022"

"Twitter Under Elon Musk Abandons Covid-19 Misinformation Policy ,179.85 ,13:45:09 11/29/2022"

"Elon Musk's $50 billion trial comes to an end  ,179.64 ,13:49:57 11/29/2022"

"Elon Musk's $50 billion trial comes to an end  ,179.64 ,13:49:57 11/29/2022"

"DeSantis Attacks Apple For Allegedly Threatening To Remove Musk-Run Twitter From App Store—Joining Other Republicans ,179.64 ,13:49:57 11/29/2022"

"DeSantis Attacks Apple For Allegedly Threatening To Remove Musk-Run Twitter From App Store—Joining Other Republicans ,179.64 ,13:49:57 11/29/2022"

"Twitter Stops Enforcing Covid-19 Misinformation Policy ,179.64 ,13:49:57 11/29/2022"

"Elon Musk Says Apple ‘Threatened’ To Boot Twitter From App Store—Here’s Why That Might Happen ,179.64 ,13:49:57 11/29/2022"

"Elon Musk Says Apple ‘Threatened’ To Boot Twitter From App Store—Here’s Why That Might Happen ,179.64 ,13:49:57 11/29/2022"

"Elon Musk Says Apple ‘Threatened’ To Boot Twitter From App Store—Here’s Why That Might Happen ,179.64 ,13:49:57 11/29/2022"

"Elon Musk Says Apple ‘Threatened’ To Boot Twitter From App Store—Here’s Why That Might Happen ,179.64 ,13:49:57 11/29/2022"

"China’s Latest Rocket Sends New Crew to Finish Tiangong Space Station ,179.64 ,13:49:57 11/29/2022"

"China’s Latest Rocket Sends New Crew to Finish Tiangong Space Station ,179.64 ,13:49:57 11/29/2022"

"Twitter Under Elon Musk Abandons Covid-19 Misinformation Policy ,179.64 ,13:49:57 11/29/2022"

"Twitter Under Elon Musk Abandons Covid-19 Misinformation Policy ,179.64 ,13:49:57 11/29/2022"

"Twitter Under Elon Musk Abandons Covid-19 Misinformation Policy ,179.64 ,13:49:57 11/29/2022"

"Elon Musk's $50 billion trial comes to an end  ,179.87 ,13:54:52 11/29/2022"

"Elon Musk's $50 billion trial comes to an end  ,179.87 ,13:54:52 11/29/2022"

"DeSantis Attacks Apple For Allegedly Threatening To Remove Musk-Run Twitter From App Store—Joining Other Republicans ,179.87 ,13:54:52 11/29/2022"

"DeSantis Attacks Apple For Allegedly Threatening To Remove Musk-Run Twitter From App Store—Joining Other Republicans ,179.87 ,13:54:52 11/29/2022"

"Twitter Stops Enforcing Covid-19 Misinformation Policy ,179.87 ,13:54:52 11/29/2022"

"Elon Musk Says Apple ‘Threatened’ To Boot Twitter From App Store—Here’s Why That Might Happen ,179.87 ,13:54:52 11/29/2022"

"Elon Musk Says Apple ‘Threatened’ To Boot Twitter From App Store—Here’s Why That Might Happen ,179.87 ,13:54:52 11/29/2022"

"Elon Musk Says Apple ‘Threatened’ To Boot Twitter From App Store—Here’s Why That Might Happen ,179.87 ,13:54:52 11/29/2022"

"Elon Musk Says Apple ‘Threatened’ To Boot Twitter From App Store—Here’s Why That Might Happen ,179.87 ,13:54:52 11/29/2022"

"China’s Latest Rocket Sends New Crew to Finish Tiangong Space Station ,179.87 ,13:54:52 11/29/2022"

"China’s Latest Rocket Sends New Crew to Finish Tiangong Space Station ,179.87 ,13:54:52 11/29/2022"

"Twitter Under Elon Musk Abandons Covid-19 Misinformation Policy ,179.87 ,13:54:52 11/29/2022"

"Twitter Under Elon Musk Abandons Covid-19 Misinformation Policy ,179.87 ,13:54:52 11/29/2022"

"Twitter Under Elon Musk Abandons Covid-19 Misinformation Policy ,179.87 ,13:54:52 11/29/2022"

"Elon Musk's $50 billion trial comes to an end  ,179.47 ,13:59:40 11/29/2022"

"Elon Musk's $50 billion trial comes to an end  ,179.47 ,13:59:40 11/29/2022"

"DeSantis Attacks Apple For Allegedly Threatening To Remove Musk-Run Twitter From App Store—Joining Other Republicans ,179.47 ,13:59:40 11/29/2022"

"DeSantis Attacks Apple For Allegedly Threatening To Remove Musk-Run Twitter From App Store—Joining Other Republicans ,179.47 ,13:59:40 11/29/2022"

"Twitter Stops Enforcing Covid-19 Misinformation Policy ,179.47 ,13:59:40 11/29/2022"

"Will Smith Concerned Audiences Will ‘Penalize’ New Film ‘Emancipation’ Because Of Oscars Slap ,179.47 ,13:59:40 11/29/2022"

"China’s Latest Rocket Sends New Crew to Finish Tiangong Space Station ,179.47 ,13:59:40 11/29/2022"

"China’s Latest Rocket Sends New Crew to Finish Tiangong Space Station ,179.47 ,13:59:40 11/29/2022"

"Twitter Under Elon Musk Abandons Covid-19 Misinformation Policy ,179.47 ,13:59:40 11/29/2022"

"Twitter Under Elon Musk Abandons Covid-19 Misinformation Policy ,179.47 ,13:59:40 11/29/2022"

"Twitter Under Elon Musk Abandons Covid-19 Misinformation Policy ,179.47 ,13:59:40 11/29/2022"

"Elon Musk's $50 billion trial comes to an end  ,179.26 ,14:04:28 11/29/2022"

"Elon Musk's $50 billion trial comes to an end  ,179.26 ,14:04:28 11/29/2022"

"DeSantis Attacks Apple For Allegedly Threatening To Remove Musk-Run Twitter From App Store—Joining Other Republicans ,179.26 ,14:04:28 11/29/2022"

"DeSantis Attacks Apple For Allegedly Threatening To Remove Musk-Run Twitter From App Store—Joining Other Republicans ,179.26 ,14:04:28 11/29/2022"

"Twitter Stops Enforcing Covid-19 Misinformation Policy ,179.26 ,14:04:28 11/29/2022"

"China’s Latest Rocket Sends New Crew to Finish Tiangong Space Station ,179.26 ,14:04:28 11/29/2022"

"China’s Latest Rocket Sends New Crew to Finish Tiangong Space Station ,179.26 ,14:04:28 11/29/2022"

"Twitter Under Elon Musk Abandons Covid-19 Misinformation Policy ,179.26 ,14:04:28 11/29/2022"

"Twitter Under Elon Musk Abandons Covid-19 Misinformation Policy ,179.26 ,14:04:28 11/29/2022"

"Twitter Under Elon Musk Abandons Covid-19 Misinformation Policy ,179.26 ,14:04:28 11/29/2022"

"Elon Musk's $50 billion trial comes to an end  ,179.57 ,14:09:15 11/29/2022"

"Elon Musk's $50 billion trial comes to an end  ,179.57 ,14:09:15 11/29/2022"

"DeSantis Attacks Apple For Allegedly Threatening To Remove Musk-Run Twitter From App Store—Joining Other Republicans ,179.57 ,14:09:15 11/29/2022"

"DeSantis Attacks Apple For Allegedly Threatening To Remove Musk-Run Twitter From App Store—Joining Other Republicans ,179.57 ,14:09:15 11/29/2022"

"Twitter Stops Enforcing Covid-19 Misinformation Policy ,179.57 ,14:09:15 11/29/2022"

"Will Smith Concerned Audiences Will ‘Penalize’ New Film ‘Emancipation’ Because Of Oscars Slap ,179.57 ,14:09:15 11/29/2022"

"China’s Latest Rocket Sends New Crew to Finish Tiangong Space Station ,179.57 ,14:09:15 11/29/2022"

"China’s Latest Rocket Sends New Crew to Finish Tiangong Space Station ,179.57 ,14:09:15 11/29/2022"

"Twitter Under Elon Musk Abandons Covid-19 Misinformation Policy ,179.57 ,14:09:15 11/29/2022"

"Twitter Under Elon Musk Abandons Covid-19 Misinformation Policy ,179.57 ,14:09:15 11/29/2022"

"Twitter Under Elon Musk Abandons Covid-19 Misinformation Policy ,179.57 ,14:09:15 11/29/2022"

"Elon Musk's $50 billion trial comes to an end  ,179.61 ,14:14:04 11/29/2022"

"Elon Musk's $50 billion trial comes to an end  ,179.61 ,14:14:04 11/29/2022"

"DeSantis Attacks Apple For Allegedly Threatening To Remove Musk-Run Twitter From App Store—Joining Other Republicans ,179.61 ,14:14:04 11/29/2022"

"DeSantis Attacks Apple For Allegedly Threatening To Remove Musk-Run Twitter From App Store—Joining Other Republicans ,179.61 ,14:14:04 11/29/2022"

"Twitter Stops Enforcing Covid-19 Misinformation Policy ,179.61 ,14:14:04 11/29/2022"

"Will Smith Concerned Audiences Will ‘Penalize’ New Film ‘Emancipation’ Because Of Oscars Slap ,179.61 ,14:14:04 11/29/2022"

"China’s Latest Rocket Sends New Crew to Finish Tiangong Space Station ,179.61 ,14:14:04 11/29/2022"

"China’s Latest Rocket Sends New Crew to Finish Tiangong Space Station ,179.61 ,14:14:04 11/29/2022"

"Twitter Under Elon Musk Abandons Covid-19 Misinformation Policy ,179.61 ,14:14:04 11/29/2022"

"Twitter Under Elon Musk Abandons Covid-19 Misinformation Policy ,179.61 ,14:14:04 11/29/2022"

"Twitter Under Elon Musk Abandons Covid-19 Misinformation Policy ,179.61 ,14:14:04 11/29/2022"

"Elon Musk's $50 billion trial comes to an end  ,179.78 ,14:18:52 11/29/2022"

"Elon Musk's $50 billion trial comes to an end  ,179.78 ,14:18:52 11/29/2022"

"DeSantis Attacks Apple For Allegedly Threatening To Remove Musk-Run Twitter From App Store—Joining Other Republicans ,179.78 ,14:18:52 11/29/2022"

"DeSantis Attacks Apple For Allegedly Threatening To Remove Musk-Run Twitter From App Store—Joining Other Republicans ,179.78 ,14:18:52 11/29/2022"

"Twitter Stops Enforcing Covid-19 Misinformation Policy ,179.78 ,14:18:52 11/29/2022"

"Will Smith Concerned Audiences Will ‘Penalize’ New Film ‘Emancipation’ Because Of Oscars Slap ,179.78 ,14:18:52 11/29/2022"

"China’s Latest Rocket Sends New Crew to Finish Tiangong Space Station ,179.78 ,14:18:52 11/29/2022"

"China’s Latest Rocket Sends New Crew to Finish Tiangong Space Station ,179.78 ,14:18:52 11/29/2022"

"Twitter Under Elon Musk Abandons Covid-19 Misinformation Policy ,179.78 ,14:18:52 11/29/2022"

"Twitter Under Elon Musk Abandons Covid-19 Misinformation Policy ,179.78 ,14:18:52 11/29/2022"

"Twitter Under Elon Musk Abandons Covid-19 Misinformation Policy ,179.78 ,14:18:52 11/29/2022"

"Elon Musk's $50 billion trial comes to an end  ,180.28 ,14:23:42 11/29/2022"

"Elon Musk's $50 billion trial comes to an end  ,180.28 ,14:23:42 11/29/2022"

"DeSantis Attacks Apple For Allegedly Threatening To Remove Musk-Run Twitter From App Store—Joining Other Republicans ,180.28 ,14:23:42 11/29/2022"

"DeSantis Attacks Apple For Allegedly Threatening To Remove Musk-Run Twitter From App Store—Joining Other Republicans ,180.28 ,14:23:42 11/29/2022"

"Twitter Stops Enforcing Covid-19 Misinformation Policy ,180.28 ,14:23:42 11/29/2022"

"Will Smith Concerned Audiences Will ‘Penalize’ New Film ‘Emancipation’ Because Of Oscars Slap ,180.28 ,14:23:42 11/29/2022"

"China’s Latest Rocket Sends New Crew to Finish Tiangong Space Station ,180.28 ,14:23:42 11/29/2022"

"China’s Latest Rocket Sends New Crew to Finish Tiangong Space Station ,180.28 ,14:23:42 11/29/2022"

"Twitter Under Elon Musk Abandons Covid-19 Misinformation Policy ,180.28 ,14:23:42 11/29/2022"

"Twitter Under Elon Musk Abandons Covid-19 Misinformation Policy ,180.28 ,14:23:42 11/29/2022"

"Twitter Under Elon Musk Abandons Covid-19 Misinformation Policy ,180.28 ,14:23:42 11/29/2022"
